新聞分類,新聞標題,日期
生活,企業搶人才！「3類工作」起薪衝4萬　畢業生達1條件再加薪,2025-03-08
生活,北捷旅客破140億！幸運兒享「免費搭捷運1年」　名單曝光,2025-03-08
體育,HBL／南山高中殺進衛冕戰拚連霸　86比70力退南湖,2025-03-08
社會,內輪差釀禍！花蓮新城鄉「曳引車碰撞機車」　54歲女騎士亡,2025-03-08
娛樂,69歲周潤發親民作風不變！愛逛小店跑步爬山　主動邀粉絲合照,2025-03-08
生活,霸凌新娘？伴娘抽到捧花「當球踢爆」全場尷尬　還嗆：抽到就我的,2025-03-08
生活,雲云董座砍死技術長！他好奇「其餘員工下場」　網揭暗黑內幕：快逃,2025-03-08
國際,【有片】母女同時懷孕「生父是同一人」　三人齊喊美好：是奇蹟,2025-03-08
汽車,福特野馬2026回歸？Shelby GT500全新引擎掀熱議,2025-03-08
健康,不只姿勢不良！醫揭「手麻5大原因」　這3狀況恐已腦中風,2025-03-08
生活,天氣／把握回溫！下週「3鋒面接力」雨炸全台　這時濕冷溫度狂掉,2025-03-08
體育,東超／新北國王明和黃金國王爭季軍　林書豪會登錄但有這限制,2025-03-08
健康,男延遲治療...慘變胃癌第二期！這細菌已列「第一級致癌因子」,2025-03-08
健康,7旬翁吞嚥困難檢查無異狀！1方法揪出癌復發　醫揭適用癌症,2025-03-08
新奇,每天狂飲3斤白酒！陸女植入「戒酒晶片」驚喊：看酒如白開水,2025-03-08
娛樂,守護海洋！「最美台長」林書煒率百人淨灘　狂清450公斤,2025-03-08
社會,11萬會員「制服絕對領域」突遭關閉！女學生控網站盜圖　破千人受害,2025-03-08
食尚,「兒童版teamLab」在新北！8大主題區只要280元,2025-03-08
娛樂,《難哄》CP太曖昧！爆白敬亭「正牌女友」盯場　罕見舉動宣示主權,2025-03-08
體育,HBL／淡商重返四強雪恥失敗　75：79北一女衛冕門票到手,2025-03-08
娛樂,《孤獨的美食家》松重豐點名「許光漢」合作台灣篇　一天猛嗑20道料理,2025-03-08
國際,不是手搖飲！「兩飲品」恐導致高血壓　這款湯也別喝,2025-03-08
娛樂,「無齡感女神」英媒也震驚！許路兒靠5招保持　泡澡加1物消腫,2025-03-08
政治,強化警戒！金門防區安全升級　3月起部分改為「武裝衛哨」,2025-03-08
生活,安放心靈的角落!藝術家黃思綺 創作展「樂園」見,2025-03-08
社會,屏東深夜驚見巨物上路！遊艇勾斷電線　害電線桿歪一邊,2025-03-08
娛樂,八點檔女神無預警降臨高雄！王瞳現身貓展　為受虐兒少暖心發聲,2025-03-08
娛樂,甩「雙劈」醜聞！采子熱戀富少首露面　燦笑幫好友慶生,2025-03-08
國際,美廉航機師性侵兒童！班機將起飛遭帶走　二次被捕竟自戕身亡,2025-03-08
娛樂,李銘忠工地貼補家用！哭求哥「為人生做決定」　哽咽揭喪母遺憾內幕,2025-03-08
生活,施華洛世奇水晶「百元就能入」！小CK超強合作　2品牌也超美,2025-03-08
社會,苗栗通霄嚴重車禍！66歲女騎士左轉遭撞飛　頭部重創搶救中,2025-03-08
社會,高大成推斷雲云董座「往頸刺」有殺人意圖　吞刀只是想滅證批幼稚,2025-03-08
國際,尹錫悅被釋放發聲了！被關52天終回家　下車親向支持者鞠躬,2025-03-08
娛樂,獨／NanaQ否認掀簾看裸體！　薔薔火大「還原時間軸」打臉,2025-03-08
社會,「制服地圖」爆盜用女學生照！緊急關閉　新北警追查貼文者,2025-03-08
國際,「狼人綜合症」臉部95%被毛髮覆蓋　印度男孩創下金氏世界紀錄,2025-03-08
生活,華麗轉身!經典明星花露水 蛻變成潮流香氛,2025-03-08
娛樂,王大陸涉「教唆傷害罪」毆打司機！　王子震驚曝光私下球品,2025-03-08
生活,《難哄》章若楠「瀑布捲」爆紅！三款髮型推薦　輕鬆打造豐盈感,2025-03-08
生活,2025苦盡甘來！「5星座」事業財運大爆發　飛黃騰達等享福,2025-03-08
社會,囂張！宜蘭地院主管LINE被盜　詐團解散大群組嗆：我不怕,2025-03-08
國際,生活充滿毒素難逃！日醫勸「防毒不如排毒」　大推超強8排毒食物,2025-03-08
社會,義大世界爆職場霸凌！女主管羞辱員工長相、學歷：什麼爛學校,2025-03-08
娛樂,王子驚喜宣布《來吧！哪裡怕》2籌備中　點名敖犬教壞小孩：不要那麼常脫褲,2025-03-08
生活,汙水處理廠10日起停電4天　高雄愛河「水質差」不要下水,2025-03-08
國際,沒辦法靠爸！拜登兒子杭特哭訴畫作沒人買　曝欠債數百萬美元,2025-03-08
娛樂,方大同病逝！薛凱琪忍悲8天首發聲　「沒任何話能表達我的悲傷」,2025-03-08
國際,Google Pixel 9直播神器　手機可外接支援多機直播,2025-03-08
娛樂,陳喬恩「愛吃雞佛」被酸爆！營養師讚3營養素　4族群別吃太多,2025-03-08
國際,偷瞄金正恩慘了！北韓20士兵被「送勞改終生流放」　家人也失蹤,2025-03-08
政治,公開王定宇曖昧訊息挨告　葛斯齊爆神秘女是「潑漆案人妻」,2025-03-08
娛樂,黃子佼準備好了？德州媽媽列5點痛批：孟耿如出演《與惡2》更諷刺,2025-03-08
娛樂,樂天補強韓外援！林襄讚河智媛「蜜大腿很辣」　不怕地位受脅,2025-03-08
娛樂,快訊／恭喜！學霸女星被求婚認雙喜臨門　企業家未婚夫露面了,2025-03-08
生活,93歲張忠謀「每天1水果」！竟防癌神物　還能降血脂,2025-03-08
生活,黃肌救星來了！最新四款「紫色蜜粉」爆紅　定妝同步提亮,2025-03-08
生活,3月運勢逆轉！3生肖迎「財運大爆發」　意外驚喜不斷,2025-03-08
娛樂,女星「血糖飆500」猝死！醫示警2大徵兆　這類食物吃多恐害命,2025-03-08
健康,眼睛乾澀不舒服！5招「乾眼症」照護要點　醫揭隱眼要選這2種,2025-03-08
生活,雨天拿到1物別丟！秒變「冰箱收納」尺寸超剛好　保鮮這類蔬果,2025-03-08
政治,罷免綠委「掉漆」讓白營態度轉保守？　黃國昌：怎會無中生有,2025-03-08
娛樂,大S傳長眠金寶山！　許雅鈞「首度發聲」了,2025-03-08
社會,快訊／超兇殘！雲云技術長脖子至少中10刀　死因擇日解剖釐清,2025-03-08
國際,加拿大多倫多酒吧槍擊12人傷　槍手逃逸中,2025-03-08
生活,註定白頭偕老！3生肖組合「天生一對」超合拍　這對婚後感情超好,2025-03-08
生活,桃園首例本土麻疹！20多歲男口腔白斑、皮膚起紅疹　足跡曝,2025-03-08
生活,還稅於民每人發1萬有望？　主計總處：普發現金不宜常態辦理,2025-03-08
理財房地產,限貸令續發酵！去年Q4房貸量季減25%　利率創09年後新高,2025-03-08
國際,尹錫悅今獲釋？韓媒：最高檢察廳「放棄即時抗告」　特別調查本部反對,2025-03-08
娛樂,50歲林志玲驚人現況曝！逛羅浮宮被偶遇　全網讚：女神無死角,2025-03-08
生活,天赦日來了！補財庫「快帶4水果」　最強轉運旺整年,2025-03-08
體育,NBA／MVP穩了？約基奇「31+21+22」史詩大三元　締聯盟首見紀錄,2025-03-08
國際,脫離英國王室5年！梅根糾正女星「我姓薩塞克斯」　原因遭噓爆,2025-03-08
生活,改善偏鄉交通問題！高雄GO幸福共享運輸進駐茂林、甲仙,2025-03-08
國際,川普喊「相信普欽」！直言與俄打交道更容易：烏克蘭手上沒牌,2025-03-08
體育,HBL／松山尾盤逆轉！光復2分差惜敗　「綠色神盾」隔7年再闖冠軍戰,2025-03-08
政治,幕後／32藍委面臨罷免！綠3月中下鄉宣講添柴火　府院黨精準打擊,2025-03-08
社會,回家途中遇劫！追撞大貨車「捲車底」濺血　苗栗男騎士慘死,2025-03-08
政治,蒙古症喻英特爾挨轟！郭智輝二度道歉　卓揆急滅火,2025-03-08
生活,3月初曾來台！日本兵庫縣20歲女子感染麻疹　返國燒40度確診,2025-03-08
生活,3/9-3/15星座運勢 水星逆行來襲！巨蠍、天蠍留心職場,2025-03-08
體育,不是大谷！MLB官網MVP預測　251億重砲最被看好,2025-03-08
社會,高雄女遭陌生男勒頸攻擊狂喊救命　英勇雜貨店老闆衝出制伏,2025-03-08
社會,受警友邀約！台中某派出所長「上班喝酒」　遭記過拔官,2025-03-08
政治,黃國昌3度喊「台中市政就是民眾黨的事」　蔡壁如一聽：蛤？,2025-03-08
體育,大聯盟台美混血費柴德有意打經典賽　中職：決定權在總教練,2025-03-08
社會,雲云科技砍人案「57分霸凌錄音檔」流出　北市勞動局下週一勞檢,2025-03-08
娛樂,大S遺產繼承難！具俊曄須繳「天價稅金」　門檻超級高,2025-03-08
娛樂,《化外之醫》今首播！張鈞𡩋直言「從影多年最難演出」壓力爆表,2025-03-08
娛樂,專欄作家稱「台灣是中國的一部分」　《ELLE》發聲明火速切割,2025-03-08
生活,喊破喉嚨是真的！年輕人夜唱送急診　醫5症狀示警：小心氣胸,2025-03-08
體育,台美混血球星費柴德想來台！親吐經典賽是機會：就像美夢成真,2025-03-08
生活,又失言！經長郭智輝用「蒙古症」喻英特爾　2度道歉：深刻反省,2025-03-08
社會,快訊／幫王大陸出氣涉教唆傷害！四海幫堂主「小阿俊」被羈押禁見,2025-03-08
娛樂,劉至翰快看！江莉錦曾警告「別佔有我」竟無預警消失　全網大崩潰,2025-03-08
社會,36歲男陳屍包廂！5人「4hrs喝5瓶威士忌」　打烊才被發現斷氣,2025-03-08
國際,只因長得像「寶可夢」噴火龍　一小塊零食飆天價289萬競標成交,2025-03-08
社會,豪擲110萬尋愛犬！徵信社花半年找錯狗　貴婦怒告詐欺,2025-03-08
社會,快訊／大湖公園驚見浮屍　疑60多歲女性死因待查,2025-03-08
體育,大聯盟台美混血費柴德表態！經典賽願為台出戰：看我們有什麼表現,2025-03-08
國際,日本今明級大雪警報！東京積雪估達5公分　交通恐大亂,2025-03-08
娛樂,侯佩岑表態「中國台灣省」遭炎上　大陸網友反應曝,2025-03-08
國際,老電話藏洋蔥　日網友接電源後聽見過世母20年前錄音：捨不得丟了,2025-03-08
生活,韓國1款包包爆紅！無預警下殺1折　「疑標錯價」網瘋搶,2025-03-08
娛樂,圈粉歐美客！Energy神廟嗨跳16蹲　Toro揹牛奶突踉蹌好糗,2025-03-08
體育,HBL／陽明連5年止步4強！永仁外卡逆襲9連勝　喜奪冠軍戰門票,2025-03-08
政治,傳「下軍令」搶救葉元之　朱立倫：不是針對某位立委,2025-03-08
社會,偷開姊姊車夜遊烘爐地！少年「連撞17機車」家屬稱沒錢賠要告就告,2025-03-08
娛樂,台大法律正妹「畢業當偶像」被酸爆！幽默回應：想選總統粉絲會投我,2025-03-08
娛樂,張文綺鹽酥雞「年收破3500萬」！插旗9地拚上市　計畫凍卵找愛,2025-03-08
娛樂,愷樂出運了！揭萌兒「1舉動」急慶祝　曝近況突喊：腰已斷,2025-03-08
生活,徵才季！台積電逾200萬年薪搶才　國泰「數位人才」需求大增6成,2025-03-08
娛樂,兒子留學當實習教師！陳維齡盼「娶英國媳婦」天天通話　宋逸民反省這事,2025-03-08
生活,春天來了！「紅鸞星動」4生肖桃花運爆棚　他異性緣特別旺盛,2025-03-08
生活,老牌電影院撐不住了　梅花數位影院宣布4/30結束營業,2025-03-08
政治,抗癌2年不敵病魔！雲林水林鄉長許山埜病逝　縣府將指派代理,2025-03-08
社會,冬山對撞車禍！白車整輛側翻栽水溝　黑車轉一圈險摔,2025-03-08
娛樂,徐若瑄14歲入行扛家計！　經歷離婚、罹癌「鋼鐵V」吐心聲：不放過自己,2025-03-08
國際,MLB／投手大谷先等等！　總教練：東京賽後才會面對打者,2025-03-08
政治,罷免32:0！綠擬下鄉宣講　林俊憲曝「系統性動員」近日決定,2025-03-08
大陸,出席人大解放軍團組 習近平：深查腐敗問題,2025-03-08
生活,1台股ETF「崩盤下市」！　認了：全下櫃清算,2025-03-08
國際,韓國旅遊必看5大禁忌台灣人超常犯　「手拿飲料」上公車也不准,2025-03-08
政治,郭智輝失言！蒙古症喻英特爾後道歉　綠也不挺：就是歧視,2025-03-08
生活,電價方案台電推演3劇本！若未獲千億撥補　民生用電擬全面漲,2025-03-08
國際,美國15年來首度執行槍決　死囚拒坐電椅：不想被活活烤焦,2025-03-08
生活,這家銀行冠名JISOO巡演　3/10卡友優先購票,2025-03-08
社會,快訊／假日大塞車！國1神岡段5車追撞　2人受傷回堵中,2025-03-08
社會,雲云董座曾志新吞刀自殘送醫畫面曝光！　口吐鮮血癱坐擔架,2025-03-08
生活,38婦女節電商優惠》Momo、PChome、蝦皮，女王節優惠總整理,2025-03-08
生活,38婦女節優惠餐廳》速食、咖啡、手搖飲！買一送一優惠活動總整理,2025-03-08
娛樂,安心亞喜歡會直接告白！曝感情觀「轉變關鍵」：不會橫衝直撞,2025-03-08
娛樂,3月韓劇推薦追劇片單》6部韓劇必看，IU & 朴寶劍《苦盡柑來遇見你》話題度高,2025-03-08
娛樂,幻藍小熊曬驚人蜂蜜腰　最美高中生獲封「表情流氓」粉絲暴動了,2025-03-08
生活,星巴克買一送一！「要飲料提袋」店員竟甩桌　她疑：潛規則？,2025-03-08
社會,屏東學生過馬路惡劣駕駛「硬闖紅燈」　險撞導護老師、急剎車再衝,2025-03-08
國際,中國反擊！對加拿大豬肉、豌豆等商品　加徵最多100%關稅,2025-03-08
娛樂,大S猝逝1個月！具俊曄「精神狀態」惹憂　最新近況曝,2025-03-08
政治,大罷免恐斷賴清德連任？吳子嘉揭最新民調：2026「這都」是關鍵,2025-03-08
社會,有片／暗夜驚魂！台南女騎士失控滑撞2車　下秒起火2人送醫,2025-03-08
國際,中國才喊反擊！美財長貝森特：川普有信心他任內習近平不會打台灣,2025-03-08
生活,壞人當不了一點！3星座「太溫柔」被吃夠夠　雙魚人太好被騙慘,2025-03-08
國際,紐時爆盧比歐、馬斯克為裁員人數會議大吵　川普當和事佬,2025-03-08
社會,早知丈夫遭霸凌！雲云技術長慘死董座刀下　妻透露生前狀況,2025-03-08
娛樂,大S傳下葬金寶山！　S媽深夜「轉發7字」道盡喪女悲苦,2025-03-08
生活,郭智輝失言用「蒙古症」喻英特爾　智障家長總會抗議歧視,2025-03-08
體育,日本武士拚WBC罕見秋訓　記取12強對中華隊一教訓,2025-03-08
娛樂,專訪／王子一出道就走紅認了曾有「低潮期」　18年成長蛻變關鍵曝,2025-03-08
娛樂,專訪／陳華〈五月晚霞〉唱到怕　爆入行「3千元沒人要」焦慮落淚,2025-03-08
健康,長期吃奶油恐致癌？哈佛研究：改吃「它」可降低17%死亡風險,2025-03-08
社會,父失聯墜大甲溪成冰冷遺體　兒悲痛：他想去看台電電廠遺址,2025-03-08
大陸,習近平出席解放軍團組會 強調「深入查處腐敗」,2025-03-08
社會,雲云技術長遭砍死！律師一看離職信「揪出1問題」不對勁,2025-03-08
政治,2共機6共艦擾台　軍方預告中共3/10射火箭經我防空識別區,2025-03-08
大陸,王滬寧出席「台灣省代表團」 再強調塑造統一大勢,2025-03-08
社會,死掉就不吵了！鄰居狗吠叫聲害睡不著　台南男下藥毒死牠們,2025-03-08
娛樂,影音／王淨曝與王大陸「真實交情」　羞放閃認與曹佑寧夫妻臉,2025-03-08
娛樂,JENNIE新歌穿「Kitty比基尼」熱舞！水蛇腰全都露辣翻,2025-03-08
體育,NBA／輸湖人還受傷！布朗森「至少缺陣2週」　尼克後場拉警報,2025-03-08
娛樂,影音／薔薔嗆NanaQ「誰會PO可恥的東西」　駁斥性騷曝真相,2025-03-08
社會,有片／行人地獄再現桃園　小客車左轉「撞飛2女童」書包散一地,2025-03-08
娛樂,才反擊薔薔！　NanaQ深夜自爆「童年性侵」創傷：我很矛盾是真的,2025-03-08
政治,又來了！8顆中共「空飄氣球」來亂　闖我北中空域擾台,2025-03-08
國際,日本草莓大福「驗出諾羅病毒」！他吃完便當亡　破百人集體吐瀉,2025-03-08
娛樂,影音／典典寶寶爆紅劉亮佐要封臉　到處被認出「不讓她進演藝圈」,2025-03-08
政治,HBL總決賽！賴清德探班永仁女籃　親送飲料喊：把冠軍帶回家,2025-03-08
娛樂,影音／吳宗憲批大鶴吳姍儒嘆造謠難免　撇受委屈：哄小孩才是,2025-03-08
國際,太凍齡！日5寶辣媽同框高中女兒　「姊妹照」5500萬人朝聖,2025-03-08
娛樂,金哈克曼死因出爐！重度失智死於心臟病　生前不知妻已過世一周,2025-03-08
生活,「可以不信政府但請相信台積電」　財經專家：赴美不會錯,2025-03-08
國際,要再當deal maker？川普自曝致函伊朗領袖　盼就核協議談判,2025-03-08
社會,董座砍殺技術長！雲云科技發「147字聲明」：極度悲痛與遺憾,2025-03-08
社會,快訊／台中外送員遭撞血濺一地慘死　駕駛逃了疑「留下水箱罩」,2025-03-08
生活,終於威脅普欽！俄狂轟烏克蘭　川普揚言對俄祭出制裁,2025-03-08
生活,烘爐地聽詭異女聲！神秘翁突喊「等你很久」　網發毛：祂在保護你,2025-03-08
國際,王毅談2758決議喊「中國台灣省」　美國務院批：刻意扭曲,2025-03-08
國際,喵的奇幻撞擊！強國貓碰瓷玩真的　整個人摔到360度大翻車,2025-03-08
生活,台積電3兆赴美投資　經長郭智輝坦言：政府事先不知,2025-03-08
社會,玉石俱焚！雲云科技董座殺技術長吞刀刺穿頸　撿回一命ICU觀察中,2025-03-08
生活,抖音神曲〈跳樓機〉爆紅！網友惡搞變大怒神　全場笑翻：完全不一樣,2025-03-08
社會,雲云技術長「最後告別信」！千字血淚遺書　怒槓老闆：潑一身髒水,2025-03-08
社會,勒斃馬國女大生！縱火奪8命判無期　律師喊不公平：他只殺1人也無期,2025-03-08
娛樂,不只侯佩岑！歐陽娜娜也表態了　《難哄》陳昊森：只有一個中國,2025-03-08
健康,抗焦慮這樣吃！醫點名「1類食物」鎂含量最高　黑巧克力僅排第二,2025-03-08
社會,雲云科技砍人「關鍵錄音檔」曝！老闆帶頭霸凌　技術長痛喊：人之將死其言也善,2025-03-08
社會,債務問題變暴力　高雄民宅暗夜遭車撞破門、蛋砸一整地,2025-03-08
生活,ICU醫警告「14住院NG行為」　護理師氣炸：最討厭選媳婦眼神,2025-03-08
生活,一週天氣預報》全台天氣變化、未來氣溫及降雨機率一次看,2025-03-08
娛樂,《海灘遊俠》女星家中離世！生前最後貼文曝光　前夫悲痛發聲,2025-03-08
社會,提離職反丟命！雲云科技技術長遭董座砍殺　妻做筆錄沉默離開,2025-03-08
國際,行李箱藏恐怖「人體空殼」！內臟全遭摘除　俄警不排除食人可能,2025-03-08
生活,天氣／北台灣明晨前仍有雨！下週強冷空氣襲台恐達寒流等級,2025-03-08
國際,再提台灣「偷走」晶片產業　川普態度軟化反讚台積電：算他們厲害,2025-03-08
生活,地牛翻身！花蓮4.1「極淺層地震」　5縣市有感、最大震度4級,2025-03-08
娛樂,周興哲參戰香港高球賽奪亞軍　和大咖球星組隊嗨喊：圓夢了,2025-03-08
食尚,王品3大燒肉「百元有找」！和牛免費吃　加碼再抽鑽石項鍊,2025-03-08
健康,簡單DIY降血壓茶！醫大推「1飲品＋綠茶」是高血壓剋星,2025-03-08
體育,東超／讓全世界認識他！盧峻翔飆分率隊晉冠軍賽　賽後被國際媒體包圍,2025-03-08
生活,苦命薄唇秒變千金好命！學會這招　輕鬆擁有整型級「6D漫畫唇」,2025-03-08
健康,最強解毒劑！醫大讚「1蔬菜」可排體內重金屬　降血壓還抗癌,2025-03-08
娛樂,NanaQ反擊薔薔！怒揭「4不實指控」　曬腳本澄清：不敢反抗,2025-03-08
生活,還有機會！大樂透「頭獎上看1.3億」　3/7中獎號碼出爐,2025-03-08
娛樂,健身房取消24hr又收回　館長怨會員沒血淚：民進黨迫害我,2025-03-08
社會,3年前挖角技術長！雲云科技董事長「殺機曝光」　警公開到場畫面,2025-03-08
生活,你也遇過嗎？網友熱議職場老鳥「6大行為」　讓人討厭想逃,2025-03-08
娛樂,派翠克神模仿「釣出GD本龍按讚」！網喊台灣之光…小S出現了,2025-03-08
體育,東超／新北國王不敵廣島蜻蜓「第四節只拿5分」　主帥談輸球原因,2025-03-08
娛樂,好煩喔！藝聲丟禮物「手鐲都飛了」　驚呼台北這地點：天國的階梯,2025-03-08
政治,台灣2統一教徒「在陸被捕」　海基會證實：發函對岸溝通,2025-03-08
社會,王大陸教唆扁司機　打人主謀「四海幫小阿俊」遭到聲押,2025-03-08
社會,老闆砍死技術長！雲云科技爆凶殺案　公司產品「陳傑憲也愛用」,2025-03-08
體育,東超／外媒問參戰聯賽效應？　新北國王教頭：台籃地位提升,2025-03-08
汽車,特斯拉20週年紀念！「限量模型組」亮相　收錄七款經典車型,2025-03-08
社會,比特犬突躍車窗咬傷騎士！飼主恐挨罰　北市動保處調查中,2025-03-08
娛樂,Akira街舞節目狂撒廣告包下西門町2大牆！　「上下顛倒」搞烏龍內幕曝,2025-03-08
體育,東超／不敵廣島蜻蜓81比65吞敗　新北國王爭冠路止步,2025-03-08
健康,1個月狂瘦10公斤！陸女跳繩減重突「爆肺」　醫示警4類人注意,2025-03-08
社會,提離職遭雲云科技董座砍死！技術長身分曝光　曾嘆：抓耙仔到處都是,2025-03-08
娛樂,蹭Jisoo商機　黃牛好敢開天價代購費曝光,2025-03-08
政治,斷言賴清德民調「半年內死亡交叉」！他示警1事：台積電也跑了,2025-03-08
健康,肌肉流失卻不自知？專家教「3招自測」　隨時掌握身體狀態,2025-03-08
娛樂,松重豐為擔仔麵空腹來台！　《孤獨的美食家》出現「這菜」就停拍,2025-03-08
社會,北市精舍命案偵結！被害家屬發聲求法官：所有嫌犯都處重刑,2025-03-08
娛樂,宋逸民夫妻率眾傳愛！主播重度憂鬱「驚人翻轉」　50位藝人齊發光,2025-03-08
生活,天選之星！4星座「眾人矚目」處處開外掛　事業愛情全掌握,2025-03-08
政治,搶救葉元之！傳朱立倫下令「禁上綠媒政論」　知情人爆：加強地方經營,2025-03-08
生活,天氣／又要劇烈變天！鋒面猛襲「雨狂炸」　挑戰寒流急凍時間曝,2025-03-08
生活,去日本「千萬別買1飲料」！他發文勸世　網共鳴：喝一次就嚇到,2025-03-08
娛樂,佩甄尪考慮幫「私處增大」！曝客人要求超狂尺寸　堅決不合夥藝人,2025-03-08
生活,六福村斥資12億！「蘇丹王大冒險」被讚最好玩　停運多年原因曝,2025-03-08
體育,專訪／東超四強吳建豪帥氣亮相　不跟林書豪一對一單挑：怕讓他難看,2025-03-08
科技,Manus AI是什麼？邀請碼申請？與ChatGPT、Deepseek比較一覽,2025-03-08
食尚,台南私藏佛心價美食！乾麵、餛飩湯「只要20元」根本月底救星,2025-03-08
生活,忘帶錢包悠遊卡免驚！中捷1招還可半價搭  好康到月底,2025-03-08
社會,獨／想當發爾麵？疑多次「冒充義消」闖火場　台中男身分曝,2025-03-08
社會,女網戀敘利亞將軍！送20萬給車手　竟是獨居老婦妄想嫁總裁,2025-03-08
娛樂,《愛你》線上看｜張凌赫飾深情中醫，分集劇情、播出時間一次看,2025-03-08
政治,護國神山變「半屏山」？  張啓楷控賴政府：沒護好台積電,2025-03-08
社會,快訊／北市信義區商辦大樓爆砍人　1男後頸中刀送醫不治,2025-03-08
生活,金逆強碰水逆！命理師警告「點名台灣」：當心大型天災,2025-03-08
生活,吉伊卡哇角色全解析！人氣排名、角色名字、生日個性一次看,2025-03-08
國際,大逆轉！三人看球後陳屍後院原以為凍死　一查竟是死於吸毒,2025-03-08
政治,出事了！海軍軍艦執行76快砲射擊訓練爆「膛炸」意外　最新狀況曝,2025-03-08
娛樂,等了3年！莎拉布萊曼7月來台開唱　實名制售票防黃牛,2025-03-08
政治,艦上畫面曝光！張騫艦76快砲打靶訓練突「膛炸」　海軍調查肇因,2025-03-08
生活,30歲男車禍肚子腫一包！醫一照驚見「肚皮裂開」：腸子整段爆出,2025-03-08
國際,有片／歐廉航起飛後「機翼突噴火」急改降　目擊乘客全嚇傻,2025-03-08
娛樂,「花系列惡女」分手16年男友！梁家榕親揭情變內幕：感情殺手,2025-03-08
國際,汽車網紅狠揭5車型他絕不買！歐洲豪車全躺槍　引擎、油耗挨批,2025-03-08
娛樂,孟耿如分享英語學習平台遭網友抵制　TutorABC發聲明切割,2025-03-08
社會,曝LINE截圖被王定宇求償180萬　葛斯齊聲請傳喚女主角前夫,2025-03-08
娛樂,GD權志龍演唱會2025》巡演時間地點、門票搶票資訊不斷更新,2025-03-08
社會,趁月黑風高「餵狗吃農藥」！　惡男落網認：死掉就不會吵了,2025-03-08
政治,王毅喊「中國台灣省」　陸委會：互不隸屬是台海客觀現狀,2025-03-08
娛樂,《來吧！哪裡怕》兩度低溫嗨玩「急凍野球拳」　阿緯爆：最後一次出現,2025-03-08
娛樂,王大陸狂出事！命理師斷言「倒楣透頂」：演藝事業徹底斷盡,2025-03-08
娛樂,展現野性精神！戴曉君新輯揚名國際　下一站前進澳洲開唱,2025-03-08
娛樂,Jisoo見面會2025桃園｜搶票時間出爐！門票價錢、粉絲福利一次看,2025-03-08
娛樂,胡瓜砸2千萬打造「鑽石舞台之夜」圓夢！　淚曝幕後血汗秘辛,2025-03-08
娛樂,王大陸狂出事重創形象　王淨曝「真實交情」：我的智慧無法回答,2025-03-08
生活,起床老是疲憊嗜睡！全台40萬人患這病恐不自知　死亡率增2.5倍,2025-03-08
政治,柯爸3/10告別式「採喜喪佈置」　傳藍綠2大咖將出席,2025-03-08
社會,割頸案二審開庭「被乾哥狠瞪」！死者父氣哭求重判：你憑什麼？,2025-03-08
社會,有片／保時捷跑車2輪爆胎沿路直直撞6車　駕駛疑「吃安眠藥」,2025-03-08
社會,「騙我有15公分」！男男約戰他偷拔套衝刺　挨告下場慘了,2025-03-08
社會,全台酒駕死傷人數5縣市不減反增　連江縣「增近3倍」,2025-03-08
娛樂,女神卡卡回歸歌壇！甜謝未婚夫助攻　揭夢想求婚：只要一片草葉,2025-03-08
體育,大聯盟近在眼前！鄭宗哲手感火熱　台4將入選新秀對抗賽,2025-03-08
生活,台遊客搭地鐵「1舉動」...日本人秒變臉捂鼻　他怒噴：有夠丟臉,2025-03-08
社會,毒品價格談不攏？花蓮男遭4男持「西瓜刀夜襲」　斷指噴血,2025-03-08
生活,哈根達斯跳水價！全聯「大桶裝才199」　7-11加1元多1杯,2025-03-08
娛樂,哈孝遠5病纏身！跛腳行走畫面曝　停止呼吸80次爆「有性功能障礙」,2025-03-08
社會,快訊／陳佩琪下午抵北所！替柯文哲提出「奔喪」申請　北所這樣說,2025-03-08
娛樂,2025大港開唱卡司陣容全出爐！閃靈壓軸登場，門票資訊一次看,2025-03-08
體育,東超／前中國球星現身澳門　對「野獸」印象超深：林志傑老大哥,2025-03-08
生活,壽山動物園黑熊兄弟慶生　「波比」聽演奏生日曲萌起立搖擺,2025-03-08
國際,台灣女新千歲機場遇性騷　男安檢員環抱捏胸被逮辯稱「不記得」,2025-03-08
娛樂,侯佩岑發文表態：台灣唯一稱謂就是中國台灣省　上百藝人跟轉央視文,2025-03-08
娛樂,陸媒爆「鋒菲戀型明星情侶」世紀復合！身分線索曝光　網狂點名2對,2025-03-08
國際,有片／歹徒搶劫遇「空手道女高手」　被高跟鞋猛踢3秒倉皇逃跑,2025-03-08
政治,林岱樺涉詐助理費！釋煌智「不服羈押抗告」　法院裁定駁回,2025-03-08
生活,睡覺總被蚊子嗡嗡聲吵醒超氣！她分享一驅蚊妙招：屢試不爽,2025-03-08
生活,天氣／週末回暖至下週三！週四至週日鋒面接近　雨增再轉涼,2025-03-08
體育,東超／新北國王四強今晚登場！林書豪曝上場「1關鍵」：只想享受它,2025-03-08
生活,提離職人資拋1理由要她「返還年終」　OL傻眼：從來不知道,2025-03-08
健康,10歲男童滑短影音害「注意力下降」！　醫曝3招找回專注度,2025-03-08
生活,忙到翻「月薪不到3萬」！她哭找同溫層　網見1職業搖頭：超吃虧,2025-03-08
社會,高雄男落入泰妹桃色陷阱　遭詐900萬「房沒了」飛泰國報案,2025-03-08
體育,NBA明星周遇河村勇輝　林書豪大讚：很喜歡他的心態,2025-03-08
娛樂,佩甄尪開6診所營收破億！疼員工「年終燒9百萬」　驚人起薪曝,2025-03-08
政治,搶新北市長！傳林右昌辭秘書長拼初選　蘇巧慧曝策略,2025-03-08
國際,巴黎北站驚見二戰時期炸彈　歐洲之星等鐵路交通全面中斷,2025-03-08
社會,雲林車禍滑行50米二度撞安全島　年輕男駕駛雙腿斷,2025-03-08
社會,民眾衝車道灑大悲咒水「祈福」　駕駛驚嚇急閃,2025-03-08
健康,「1類人」維生素D不足！恐心臟衰竭　死亡率比較高,2025-03-08
國際,有片／女搭機失控！脫光衣物「機艙裸奔25分鐘」乘客看傻,2025-03-08
娛樂,影音／Melody憶大S哽咽7秒「思念留心裡」　盼S媽、小S節哀：人生無常,2025-03-08
社會,恆春某民宿「貪157萬電費」被抓包怪疫情　台電握鐵證逼吐錢,2025-03-08
娛樂,影音／佩甄情人節嗨收「名牌包」！　醫生尪送進房她驚嚇：我沒有穿衣服,2025-03-08
娛樂,影音／董至成同框小甜甜暖心打氣！　認赴陸被黑5年「無視酸民負評」,2025-03-08
娛樂,影音／詹懷雲談戀愛「慢熟又被動」　自爆沒拜過月老：我都去財神廟,2025-03-08
社會,手持毒品睡到翻！新北新莊車輛違停路中9分鐘　2毒蟲遭逮,2025-03-08
社會,汪小菲洩大S個資案開庭　遞北京醫院證明「急性咽喉炎」請假,2025-03-08
國際,尹錫悅獲釋！彈劾案宣判前法院裁定「撤銷逮捕」　韓總統府發聲了,2025-03-08
娛樂,TRASH成蕭煌奇師兄嚇壞了　戴愛玲、温嵐組CP現身春酒,2025-03-08
娛樂,籃籃低調探班！帶小吃迎韓籍學妹　禹洙漢「初嘗臭豆腐」給評價,2025-03-08
娛樂,影音／徐藝洋直播突喊「你快X進去」！　黃子韜驚慌：人家會亂想,2025-03-08
生活,台積電死守千元收平盤1005、台股大盤收黑　分析師：癥結在川普關稅戰,2025-03-08
健康,超商就能買到「防癌神物」！5大神功效　早上吃更有效,2025-03-08
生活,巨城熱情歡迎雄中畢旅團！新竹在地學生不開心了　官方急出手滅火,2025-03-08
體育,NBA／唐西奇、詹姆斯合轟63分　湖人加班勝尼克收八連勝,2025-03-08
健康,茶包沖泡恐致癌？溶出塑化劑　這款「2A致癌物」別碰,2025-03-08
政治,普發現金1萬有望？藍黨團提案「稅收超徵全民共享」付委審查,2025-03-08
娛樂,李洪基才放話「海外恢復3人體制」　FTISLAND 4月重返高雄開唱,2025-03-08
娛樂,大港開唱太狂了！閃靈樂團重磅回歸　「貓王」唐嘉鴻也參戰,2025-03-08
社會,獨／幫王大陸打人！疑說好讓「小阿俊」會別女友　她咖啡廳內緊抓手不放,2025-03-08
娛樂,《好運來》楚宣涉運毒遭通緝！告別愛子當場暴哭　鼻酸畫面曝光,2025-03-08
生活,知名保溫杯Stanley頻傳燙傷　全球召回2型號台灣民眾也可換,2025-03-08
娛樂,影音／《與神同行》畏罪軍官魅力抵台！　「秘書男神」李浚赫黑大衣現身,2025-03-08
健康,紅、白肉怎麼分？營養師曝「紅肉致癌」真相：1類人要多吃,2025-03-08
社會,縱火燒死父！台南醫學系高材生判10年　獄中提再審：我爸還活著,2025-03-08
娛樂,于美人放話「參選2026」！宣戰鍾小平：絕不讓你當選,2025-03-08
娛樂,影音／加拿大聲樂老師合體林俊傑！　「夢幻聯動」一開口全場驚豔,2025-03-08
科技,首款「摺疊iPhone」傳明年推出　分析師曝價格：恐衝破8萬,2025-03-08
娛樂,《孤獨的美食家》松重豐來台　松機簽名+握手互動20分鐘嗨翻鐵粉,2025-03-08
政治,魏哲家喊開11條產線地不夠　侯友宜出手了！曝新北已接觸台積電,2025-03-08
社會,快訊／狂按喇叭救不回　屏東砂石車「視線死角」輾斃女騎士,2025-03-08
娛樂,隋棠轉行成塔羅牌老師　為他破例「喝咖啡」：不好意思拒絕,2025-03-08
國際,大陸全國兩會 王毅：鄰近邊界的緬北電詐園區已全部清除,2025-03-08
社會,嫌婆婆「躺著很難看」！碩士媳遭回嗆火大　怒砸椅、打她巴掌,2025-03-08
政治,告周玉蔻「叛黨說」反遭酸「告你個頭」　王世堅：我不想回那種渣渣,2025-03-08
國際,澳17歲少年攜槍和彈藥假扮機場工人登機　遭英勇乘客制伏,2025-03-08
生活,吉伊卡哇官網購買教學＆集運攻略！商品補貨與新品上架時間一覽,2025-03-08
娛樂,日韓天后好孕到！石原聰美今夏生第二胎　李荷妮懷孕沖喜逃稅爭議,2025-03-08
娛樂,籃籃完美卸任！樂天女孩「新隊長出爐」　完整陣容曝光,2025-03-08
娛樂,蔡黃汝挑戰台語劇腸躁症爆發　「邊吃邊拉」超崩潰,2025-03-08
娛樂,張學友來台倒數「突認身體出狀況」　廣州3場演唱會急喊卡,2025-03-08
社會,快訊／花蓮台9線砂石車翻覆！大量土石散落　駕駛頭部撕裂傷,2025-03-08
娛樂,不是AI！吳彥祖「斜槓」教英文　84節網課價格曝光,2025-03-08
社會,新北警辦案結識少女辯「有情愫」　親嘴3次換休職10月,2025-03-08
娛樂,連周董都說讚！麋先生首合作五月天阿信　他笑喊：最熟悉的陌生人,2025-03-08
生活,勞退怎麼查？勞退新制分紅領多少？2025勞退帳戶分紅查詢教學,2025-03-08
社會,黑幫囤2千萬軍火遭破獲！39支長短槍、300發子彈全曝光,2025-03-08
娛樂,樂天「韓援三本柱」亮相！河智媛「大啖5美食」口味佳　現場秀台語,2025-03-08
生活,台積電千元保衛戰　四年換免死金牌市場買帳？陸行之：月底見分曉,2025-03-08
社會,水電工看上美髮師想硬上　辯：要跟妳尪「比大小」下場慘了,2025-03-08
社會,有片／小貨車熄火卡平交道20秒！折斷柵欄肇逃　男駕駛吞3罰單,2025-03-08
國際,中國兩會外長記者會再提一中　王毅批日：借台灣生事就是給日本找事,2025-03-08
社會,男打球「心肌梗塞」倒地沒呼吸　休假消防員緊急CPR搶命,2025-03-08
娛樂,摯友嚇壞！71歲陳盈潔死訊瘋傳　許常德急找看護查真相,2025-03-08
生活,買太多高麗菜！婆媽揭「1保存神招」　實測驚人：擺2個月甜又脆,2025-03-08
娛樂,馬力歐升格二寶爸！雙魚兒報到　緊握老婆溫馨感人,2025-03-08
體育,又被漏掉？經典賽宣傳海報「沒台灣球員」　球迷全認同：非常合理,2025-03-08
娛樂,法律戰開打！NewJeans全員親自上法院　ADOR開轟：不斷違約,2025-03-08
政治,批賴清德推魏哲家幫自己解套　朱立倫揭1大挑戰：護國神山恐少一半,2025-03-08
社會,抓到了！台2軍人是「中共間諜」　全都送入獄,2025-03-08
國際,WBC資格賽／巴西力克德國奪最後門票　2026參賽隊伍全出爐,2025-03-08
社會,尋獲大嫂頭顱仍拒認罪　碎屍魔收押滿月首提訊「胃口好爽嗑肉便當」,2025-03-08
社會,沒注意限高！北市貨櫃車撞國道卡橋下　駕駛竟還想倒車離開,2025-03-08
生活,天氣濕冷「風濕關節」痛到乏力！5湯藥有效舒緩　食譜曝光,2025-03-08
娛樂,陳盈潔腎衰竭保外就醫「突冒烏龍死訊」　親友揭真實現況,2025-03-08
生活,「拒絕安逸」3生肖！逆境中潛力爆表　TOP1越挫越勇注定不凡,2025-03-08
生活,熬夜飲食不正常！年輕男心臟衰竭　醫示警：隨時可能猝死,2025-03-08
社會,民進黨揭559名亡者「幽靈連署」罷免案　怒告罷免案領銜人,2025-03-08
健康,咖啡喝1杯就好！醫警「5種人」易胃痛纏身　這類食物要少吃,2025-03-08
生活,星巴克買一送一　今天還有「全品項85折」滿額再領優惠券,2025-03-08
生活,好市多「1人氣水餃」特價！1顆竟不到2元　會員狂推：CP值破表,2025-03-08
娛樂,向顧客致歉！《黑白大廚》安成宰罵員工　還原「暫停出菜」實情,2025-03-08
政治,台灣沒產業了？憂台積電出走1狀況　吳子嘉嚇壞：1歲孫子怎麼辦,2025-03-08
國際,川普設「戰略比特幣儲備」不花納稅人錢、全靠沒收來的　比特幣卻跌了,2025-03-08
娛樂,已婚男星爆昔喝醉「睡他房間」公主抱回房！　陳美鳳回應了,2025-03-08
生活,全聯進駐超狂「機台」震驚網！婆媽：會擠爆！要晚1小時回家了,2025-03-08
體育,NBA／柯瑞狂砍40分力挽狂瀾　勇士克服20分落後逆轉籃網,2025-03-08
社會,竹縣南清公路38.5K坍方！泰平部落道路中斷　拚中午前搶通,2025-03-08
社會,台中火力發電廠室外模板狂燒！承攬商出包　台電認：切割鋼筋不慎,2025-03-08
生活,中台灣春遊趣　賞櫻泡湯走獵人步道體驗原民文化,2025-03-08
政治,突宣布立法院有2喜事！　韓國瑜笑：等一下我們不要吵架,2025-03-08
娛樂,許志豪是幕後推手！《紅人榜》翁鈺鈞創驚人紀錄　暖心真相曝,2025-03-08
生活,週末優惠來了！超商限時「霜淇淋買1送1、咖啡買2送2」,2025-03-08
國際,川普批北約錢出太少　突提不滿「美日安保條約」嗆日本為何沒保護美國,2025-03-08
社會,高雄輕軌「半路停駛9分鐘」乘客一頭霧水　竟是駕駛睡著了,2025-03-08
政治,中共空飄氣球「穿越台灣」！11機艦擾台　4架次共機跨中線,2025-03-08
國際,陸網球一姐鄭欽文挨轟「巡迴賽最強戲精」,2025-03-08
生活,1神洗衣機「用20年沒壞過」　一票人＋1笑：千萬別說這種話,2025-03-08
社會,車子根本沒騎去宜蘭　花蓮民眾因警T、Y分不清收烏龍罰單,2025-03-08
社會,【王大陸涉刑案】王大陸3萬6紅包疑成「找車費」　打手沒拿到謝金,2025-03-08
社會,等紅燈遭比特犬「跳窗狂咬不放」　飼主拉不開害騎士腳傷,2025-03-08
政治,台積電加碼3.3兆投資美國　顧立雄：是「壯大台灣」而非削弱,2025-03-08
生活,求職季！「不滿薪資」92.8%想出國工作、最愛「台積電」蟬連榜首,2025-03-08
娛樂,劉青雲5度奪影帝！談善言首獲影后殊榮：沒有想過得獎,2025-03-08
體育,2026世界棒球經典賽》賽程時間、分組名單、門票資訊不斷更新,2025-03-08
社會,直播妹腰酸背痛　神棍誆騙她是九天玄女轉世被「嬰靈纏身」,2025-03-08
生活,36週孕媽胸悶劇痛！長庚研究揪「1高死亡疾病」懷孕風險增3倍,2025-03-08
生活,政府發錢！年輕人「最高1.3萬現金入帳」　申請資格一次看,2025-03-08
新奇,月經連續「噴血100多天」！一天20片衛生棉　竟罹子宮腺肌症,2025-03-08
社會,老翁身體不適倒地 仍掛心歸還YouBike 所長幫忙騎回租借站,2025-03-08
政治,國民黨不買帳台積電赴美投資　郭國文抓2藍委：邊唱衰邊買股票,2025-03-08
國際,川普AI首座站點！外媒曝搭「輝達超級晶片」6.4萬顆,2025-03-08
娛樂,韓劇推薦2025必看片單：Netflix和Disney+好看韓劇別錯過,2025-03-08
娛樂,Netflix電影推薦》這16部必看電影片單(2025最新),2025-03-08
娛樂,Netflix影集推薦》這16部必看影集片單快收（2025最新）,2025-03-08
生活,亞洲銀行家協會9月舉行年會　今年聚焦科技驅動永續,2025-03-08
社會,轉載女人大律師圖卡諷錯字賣葉黃素　陳沂侵害著作權被起訴,2025-03-08
娛樂,陳喬恩不忍了！愛吃雞佛遭陸網嫌棄　愛台灣美食：去看看世界吧,2025-03-08
國際,美恐退出北約？再批成員國軍費太少　川普：不付錢就不協防,2025-03-08
生活,「上班族1行為」比失眠可怕！　研究曝：嚴重疼痛飆4.35倍,2025-03-08
社會,有片／苗栗飼料車右轉！直行機車慘捲車底　無照騎士左腿斷了,2025-03-08
娛樂,視帝合影嬌妻「像父女」！無敵寵粉出鏡超閃　十指緊扣甜曬照,2025-03-08
國際,台日韓聯手！SBI控股籌「蓋晶片廠」　找聯電、海力士合作,2025-03-08
國際,24萬迪奧包掉色 消費者怒控：用不到1個月,2025-03-08
娛樂,警洩個資給王大陸友辯「誤傳」　陳沂酸：八點檔都不敢這樣演,2025-03-08
國際,川普關稅措施踩煞車　4/2前「暫停加、墨部分商品課稅」,2025-03-08
政治,李孟諺婚外情回鍋政院做有給職顧問！　卓榮泰給原因：直接對我負責,2025-03-08
國際,馬斯克SpaceX試飛第8次又失敗　空中爆炸解體、佛州四機場停飛,2025-03-08
生活,全聯買一送一又來了！飲料下殺13元　限時優惠一次看,2025-03-08
娛樂,梁朝偉「斷崖式衰老」？0濾鏡照流出　滄桑老態曝光,2025-03-08
國際,台積電加碼投資美國千億　《晶片戰爭》作者：新廠若可避關稅就值得,2025-03-08
娛樂,台大畢業歌〈上台大便〉掀戰　大咖音樂人喊話原創：信守承諾,2025-03-08
社會,快訊／四海幫堂主小阿俊移送新北檢　坦承無償幫王大陸教訓司機,2025-03-08
政治,賴清德喊台積電赴美投資沒壓力　卓榮泰：台灣是最重要生產基地,2025-03-08
國際,川普轉彎！暫緩墨西哥部分商品關稅　汽車、農產品成談判重點,2025-03-08
社會,台灣大廠爆內線交易！檢調衝14路搜索　前董座「500萬交保」,2025-03-08
生活,總統牌生效！今台積電開千元大關至1005、未受ADR跌勢影響　大盤開低走高,2025-03-08
國際,台積電ADR跌4.5%！台指夜盤「下殺343點」　美股全面下挫,2025-03-08
政治,台積電加碼美國「不影響台灣」？郭正亮：4年將損失5兆↑,2025-03-08
國際,陸年輕人街頭集體「要飯」 驚動官方調查,2025-03-08
生活,最愛熬夜星座排行！方大同「這星座」想太多難入睡　冠軍嗨到天亮,2025-03-08
娛樂,黃子佼樂享天倫挨轟！律師曝「燦笑正常」原因：孩子不該扛,2025-03-08
國際,歐洲掀強化國防呼聲！義土軍火商合作　研發「制霸空戰」無人機,2025-03-08
娛樂,前資生堂千金當5寶媽！產後妊娠紋竟遭酸噁心　突宣布動手術,2025-03-08
科技,中國AI黑馬「Manus」降世！分析股票、找房全都會　恐比DeepSeek更猛,2025-03-08
國際,川普擬撤銷「在美烏克蘭難民」合法身份　官員：包含古巴、海地等移民,2025-03-08
政治,魏哲家「實問實答」親解對美投資疑慮　官員捏冷汗：魏董講太多,2025-03-08
社會,高雄女租霸「欠百萬租金」還放黑函攻擊房東　律師教3招防範,2025-03-08
娛樂,大S 4.6億豪宅「月繳百萬房貸」！爆具俊曄一肩扛　友怒發聲,2025-03-08
社會,精舍命案王薀哽咽「為台灣做點事」求交保　法官：講完了嗎,2025-03-08
科技,中國殺手級AI殺出！全球首例AI Agent　創始人肖弘「驚人背景」起底,2025-03-08
國際,小米雷軍「兩會」出新招 網：開會.營銷兩不誤,2025-03-08
政治,最丟臉不是32：0！她曝國民黨「大罷免真正危機」：信譽掃地,2025-03-08
國際,教宗「支氣管炎惡化」罹肺炎！病況好轉了　新報告明曝光,2025-03-08
生活,天氣／再忍耐一天！週末天氣回暖　「這天」雨增再轉涼,2025-03-08
國際,中國留學生「迷姦60女」！變態行徑如李宗瑞翻版　官二代背景曝,2025-03-08
生活,馬偕遭駭千萬筆個資外洩「傳詐團買下」　醫示警：3類病患要當心,2025-03-08
政治,台積電千億投美！「根留台灣」藍白仍質疑　黃暐瀚：不然要怎樣？,2025-03-08
生活,天氣／暴雨還沒停！突變天「全台下雨」　2地雨最猛,2025-03-08
國際,快訊／關稅戰恐推升物價！川普宣布：美國暫緩對加墨商品課稅,2025-03-08
娛樂,52歲陳孝萱近況曝！久違現身大銀幕　「撞見恐怖畫面」崩潰尖叫,2025-03-08
娛樂,不只曹雅雯被騷擾！龍千玉師妹遭歌迷找上家門　嚇壞發聲了,2025-03-08
生活,一生特別幸運！4星座「福氣常伴」射手愛冒險吸好運　他散發自信,2025-03-08
生活,小心腦中風找上門！知名主持人傳「腦缺血」　醫曝5種人要當心,2025-03-08
生活,鞋髒了怎清？過期卸妝水先別丟　「3美妝品」輕鬆去黃去漬,2025-03-08
